{"cameraMode":{"drawMode":0,"name":"Shaded","section":"Shading Mode"},"sceneLighting":false,"audioPlay":false,"sceneViewState":{"showFog":true,"showMaterialUpdate":false,"showSkybox":false,"showFlares":true,"showImageEffects":true,"showParticleSystems":true},"in2DMode":false,"pivot":{"x":0.014813583344221115,"y":0.6223047375679016,"z":0.5266925096511841},"rotation":{"x":-0.012309083715081215,"y":0.008096408098936081,"z":-0.00009978461457649246,"w":-0.9998932480812073},"size":0.4339176416397095,"orthographic":false}