{"cameraMode":{"drawMode":0,"name":"Shaded","section":"Shading Mode"},"sceneLighting":false,"audioPlay":false,"sceneViewState":{"showFog":true,"showMaterialUpdate":false,"showSkybox":false,"showFlares":true,"showImageEffects":true,"showParticleSystems":true},"in2DMode":false,"pivot":{"x":0.07239151000976563,"y":0.19492322206497193,"z":0.4982188940048218},"rotation":{"x":-0.13261447846889497,"y":-0.6915440559387207,"z":0.13142743706703187,"w":-0.6977891325950623},"size":1.6867165565490723,"orthographic":false}