{"cameraMode":{"drawMode":0,"name":"Shaded","section":"Shading Mode"},"sceneLighting":true,"audioPlay":false,"sceneViewState":{"showFog":true,"showMaterialUpdate":false,"showSkybox":true,"showFlares":true,"showImageEffects":true,"showParticleSystems":true},"in2DMode":false,"pivot":{"x":39.54719924926758,"y":4.204931259155273,"z":-14.062830924987793},"rotation":{"x":0.10408510267734528,"y":-0.6395443677902222,"z":0.08814124763011933,"w":0.7566406726837158},"size":-6.253005027770996,"orthographic":false}